,City,Cloudiness,Country,Date,Humidity,Lat,Lng,Max Temp,Wind Speed
0,Mataura,99,NZ,1575499031,74,-46.19,168.86,57.0,10.0
1,Bredasdorp,4,ZA,1575499032,55,-34.53,20.04,64.4,17.22
2,College,90,US,1575498867,76,64.86,-147.8,-4.0,1.92
3,Punta Arenas,40,CL,1575499034,50,-53.16,-70.91,53.6,34.45
4,Rio Cuarto,0,AR,1575499036,33,-33.13,-64.35,71.6,9.17
5,Tuktoyaktuk,75,CA,1575499037,77,69.44,-133.03,-2.2,23.04
6,Tautira,40,PF,1575499038,66,-17.73,-149.15,87.8,17.22
7,Komsomolskiy,55,RU,1575499039,82,67.55,63.78,2.05,3.87
8,Thompson,90,CA,1575498743,92,55.74,-97.86,12.2,3.36
9,Kruisfontein,11,ZA,1575499041,85,-34.0,24.73,51.67,7.45
10,Avarua,0,CK,1575499042,74,-21.21,-159.78,82.4,16.11
11,Pomabamba,93,PE,1575499043,90,-8.82,-77.46,41.9,5.1
12,Georgetown,20,GY,1575499044,83,6.8,-58.16,84.2,6.93
13,Ahipara,20,NZ,1575499045,90,-35.17,173.16,66.15,7.4
14,Arraial do Cabo,40,BR,1575499046,69,-22.97,-42.02,77.0,28.86
15,Ende,100,ID,1575499047,71,-8.84,121.65,83.16,4.68
16,Puerto Ayora,20,EC,1575499048,61,-0.74,-90.35,80.6,6.93
17,Kaihua,97,CN,1575499049,61,29.14,118.41,42.78,0.56
18,Albany,90,US,1575498796,95,42.65,-73.75,34.0,2.71
19,Barrow,83,AR,1575499051,78,-38.31,-60.23,50.36,9.26
20,Lazaro Cardenas,75,MX,1575499052,34,28.39,-105.62,64.4,12.75
21,Okhotsk,0,RU,1575499053,62,59.36,143.24,-13.72,26.22
22,Anloga,20,GH,1575499054,79,5.79,0.9,84.2,9.17
23,Jamestown,1,AU,1575499055,10,-33.21,138.6,78.62,11.68
24,Souillac,89,FR,1575499057,81,45.6,-0.6,42.8,9.17
25,Saint George,90,GR,1575499058,87,39.45,22.34,44.6,5.82
26,Tromso,20,NO,1575499059,75,69.65,18.96,42.8,29.97
27,Butaritari,59,KI,1575498883,74,3.07,172.79,85.17,9.46
28,Clyde River,75,CA,1575499061,83,70.47,-68.59,-13.0,10.29
29,Gat,94,SN,1575499062,47,14.69,-16.54,78.8,2.24
30,Hithadhoo,92,MV,1575499063,77,-0.6,73.08,82.76,8.93
31,Ushuaia,40,AR,1575498950,66,-54.81,-68.31,53.6,32.21
32,Saint-Philippe,90,CA,1575499065,99,45.36,-73.48,35.6,2.24
33,Meghri,100,AM,1575499066,97,38.9,46.25,35.2,3.51
34,Kapaa,40,US,1575499067,74,22.08,-159.32,80.6,14.99
35,Rikitea,96,PF,1575499068,75,-23.12,-134.97,79.5,2.71
36,Broome,0,GB,1575499069,90,52.47,1.45,35.01,4.7
37,Rorvik,97,NO,1575499070,89,64.86,11.24,43.0,5.99
38,Taoudenni,0,ML,1575499071,32,22.68,-3.98,60.53,4.41
39,Golden,1,US,1575499072,36,39.76,-105.22,55.4,1.32
40,Muslyumovo,52,RU,1575499073,93,55.31,53.19,15.35,8.46
41,Nakamura,20,JP,1575499075,66,35.17,136.87,48.2,19.46
42,Hermanus,0,ZA,1575499076,72,-34.42,19.24,64.0,11.01
43,Busselton,0,AU,1575499077,56,-33.64,115.35,71.85,9.08
44,Vaini,56,IN,1575499078,86,15.34,74.49,64.96,9.44
45,Kattivakkam,75,IN,1575499079,78,13.22,80.32,80.01,17.13
46,Rawson,57,AR,1575499080,60,-43.3,-65.11,57.58,17.13
47,West Wendover,1,US,1575499081,74,40.74,-114.07,35.6,3.38
48,Port Lincoln,0,AU,1575499082,40,-34.72,135.86,72.66,8.12
49,Boa Vista,40,BR,1575499083,48,2.82,-60.67,87.8,10.29
50,Bluff,0,AU,1575499084,41,-23.58,149.07,88.72,8.05
51,Haines Junction,100,CA,1575499085,98,60.75,-137.51,-2.6,3.96
52,Coihaique,40,CL,1575499086,45,-45.58,-72.07,64.4,9.17
53,Atuona,9,PF,1575499087,66,-9.8,-139.03,80.29,10.07
54,Port Blair,40,IN,1575499088,74,11.67,92.75,80.6,6.93
55,Castro,98,CL,1575499089,63,-42.48,-73.76,60.8,10.29
56,Hobart,75,AU,1575499089,44,-42.88,147.33,64.0,19.46
57,Eureka,90,US,1575499091,81,40.8,-124.16,55.0,1.23
58,Buraydah,0,SA,1575499003,71,26.33,43.97,57.2,12.75
59,New Norfolk,75,AU,1575499093,44,-42.78,147.06,64.0,19.46
60,Aripuana,51,BR,1575498803,65,-9.17,-60.63,81.05,1.03
61,Mar del Plata,93,AR,1575499096,37,-46.43,-67.52,68.9,13.47
62,Khatanga,0,RU,1575499097,81,71.98,102.47,-27.83,9.89
63,Tasiilaq,0,GL,1575499098,62,65.61,-37.64,21.2,9.17
64,Hambantota,75,LK,1575499099,100,6.12,81.12,75.2,8.05
65,Bull Savanna,22,JM,1575499100,93,17.89,-77.59,70.72,2.59
66,Luanda,75,AO,1575499101,88,-8.83,13.24,77.0,3.36
67,Petropavlovsk-Kamchatskiy,40,RU,1575499102,85,53.05,158.65,10.4,8.95
68,Erzin,75,TR,1575498807,93,36.95,36.2,53.6,2.24
69,Cape Town,0,ZA,1575498905,55,-33.93,18.42,64.99,8.05
70,Torbay,90,CA,1575499039,86,47.66,-52.73,43.0,25.28
71,Hilo,90,US,1575499078,73,19.71,-155.08,77.0,3.36
72,Nantucket,90,US,1575498840,80,41.28,-70.1,37.99,14.97
73,Ilulissat,40,GL,1575499087,72,69.22,-51.1,12.2,16.11
74,Makakilo City,75,US,1575499109,83,21.35,-158.09,82.99,8.05
75,Dikson,100,RU,1575499110,96,73.51,80.55,-5.6,8.28
76,Lata,62,IN,1575499111,7,30.78,78.62,22.39,6.31
77,Tiksi,100,RU,1575499112,100,71.64,128.87,-30.19,3.04
78,Kununurra,100,AU,1575499113,69,-15.77,128.74,82.4,3.36
79,Chuy,100,UY,1575498861,81,-33.69,-53.46,67.01,7.83
80,Sungairaya,82,ID,1575499116,89,0.7,108.9,76.98,3.04
81,East London,99,ZA,1575499117,56,-33.02,27.91,63.57,3.51
82,Muros,17,ES,1575499118,80,42.77,-9.06,50.0,4.7
83,Barranca,15,PE,1575499119,91,-10.75,-77.76,66.16,10.27
84,Saint-Georges,84,CA,1575499120,95,46.12,-70.67,21.24,3.18
85,Acapulco,20,MX,1575499121,62,16.86,-99.88,86.0,10.29
86,Karratha,0,AU,1575499122,67,-20.74,116.85,84.13,7.09
87,Canguaretama,20,BR,1575499123,74,-6.38,-35.14,80.6,13.87
88,Kijang,0,KR,1575499124,74,35.24,129.21,33.8,4.7
89,Touros,20,BR,1575499125,74,-5.2,-35.46,78.8,9.17
90,Mahebourg,20,MU,1575499126,88,-20.41,57.7,75.2,5.82
91,Nanortalik,100,GL,1575499127,39,60.14,-45.24,24.31,9.57
92,San Cristobal,88,HN,1575499128,82,14.68,-86.92,66.67,2.01
93,Sao Felix do Xingu,100,BR,1575499129,87,-6.64,-51.99,75.65,2.73
94,Nichinan,75,JP,1575499130,75,31.65,131.31,42.8,8.05
95,Saint-Pierre,0,FR,1575498886,92,48.95,4.24,30.2,2.24
96,Port Alfred,76,ZA,1575499132,74,-33.59,26.89,63.0,1.99
97,Cherskiy,77,RU,1575499134,86,68.75,161.3,-7.83,3.65
98,Sioux Lookout,20,CA,1575499037,72,50.1,-91.92,15.8,8.05
99,Avera,1,US,1575499136,35,33.19,-82.53,60.8,10.29
100,Narsaq,83,GL,1575499137,39,60.91,-46.05,12.2,6.93
101,Hasaki,20,JP,1575499138,80,35.73,140.83,35.6,1.12
102,Carnarvon,0,ZA,1575499139,44,-30.97,22.13,52.36,20.51
103,Shache,73,CN,1575499140,77,38.42,77.24,21.76,1.97
104,Athabasca,98,CA,1575499141,96,54.72,-113.29,15.48,4.99
105,Salalah,75,OM,1575499142,51,17.01,54.1,80.6,14.99
106,Chokurdakh,100,RU,1575499143,92,70.62,147.9,-11.36,11.63
107,Charters Towers,6,AU,1575499144,31,-20.07,146.27,92.48,5.06
108,Cidreira,61,BR,1575499145,89,-30.17,-50.22,71.53,15.17
109,Saint-Michel-des-Saints,95,CA,1575499146,8,46.68,-73.92,25.0,3.06
110,Kodiak,1,US,1575499147,46,39.95,-94.76,53.6,4.7
111,Boende,94,CD,1575499148,94,-0.28,20.88,70.77,2.28
112,Bilibino,100,RU,1575499149,89,68.06,166.44,-6.77,8.46
113,Havre-Saint-Pierre,90,CA,1575499151,79,50.23,-63.6,26.6,3.36
114,Hargeysa,8,SO,1575499152,64,9.56,44.06,59.38,9.82
115,Zaysan,89,KZ,1575499153,69,47.47,84.87,16.7,1.14
116,Margate,75,AU,1575499154,44,-43.03,147.26,64.0,19.46
117,Port Elizabeth,90,US,1575499155,80,39.31,-74.98,45.0,3.36
118,Canby,1,US,1575498995,75,45.26,-122.69,50.0,1.12
119,Tecoanapa,20,MX,1575499157,62,16.99,-99.26,86.0,10.29
120,Ribeira Grande,75,PT,1575499158,77,38.52,-28.7,60.8,3.36
121,Yellowknife,75,CA,1575498937,68,62.45,-114.38,-20.2,6.93
122,Vila Franca do Campo,20,PT,1575499160,67,37.72,-25.43,57.2,4.7
123,Isangel,90,VU,1575499161,70,-19.55,169.27,84.2,5.82
124,Sorong,71,ID,1575499162,85,-0.86,131.25,83.12,1.21
125,Pombas,95,BR,1575499163,75,-15.9,-54.74,76.39,2.33
126,Severo-Kurilsk,67,RU,1575499164,84,50.68,156.12,22.51,4.52
127,Mitsamiouli,20,KM,1575499165,88,-11.38,43.28,78.8,4.7
128,Aqtobe,90,KZ,1575499167,85,50.28,57.21,24.8,6.71
129,Cayenne,86,GF,1575499168,83,4.94,-52.33,80.6,4.7
130,Tangerang,40,ID,1575499169,83,-6.17,106.64,80.01,4.7
131,Alexandria,0,RO,1575499113,74,43.97,25.33,32.13,2.35
132,Burnie,98,AU,1575499171,77,-41.05,145.91,60.01,8.99
133,Gornopravdinsk,100,RU,1575499172,92,60.06,69.92,13.73,8.59
134,Manggar,97,ID,1575499173,74,-2.88,108.27,83.3,10.04
135,Keetmanshoop,69,NA,1575499174,13,-26.57,18.15,80.6,9.17
136,Lompoc,75,US,1575499175,87,34.64,-120.46,62.6,6.93
137,Pasighat,0,IN,1575499176,52,28.06,95.33,54.39,2.59
138,Airai,94,TL,1575499177,49,-8.93,125.41,80.38,1.25
139,Garowe,100,SO,1575499179,46,8.41,48.48,71.08,3.22
140,Del Rio,1,US,1575499180,22,29.36,-100.9,77.0,9.17
141,Roald,84,NO,1575499181,81,62.58,6.12,44.6,31.09
142,Leningradskiy,100,RU,1575499182,84,69.38,178.42,18.23,16.15
143,Mount Gambier,90,AU,1575499183,100,-37.83,140.78,53.6,9.17
144,Aksu,100,KZ,1575499184,79,52.04,76.93,23.0,13.42
145,Clyde,60,NZ,1575499185,46,-45.19,169.32,57.99,3.0
146,Sola,100,TZ,1575499186,94,-3.17,33.8,64.99,4.09
147,Longyearbyen,75,NO,1575499187,68,78.22,15.63,28.4,25.28
148,Udachnyy,57,RU,1575499188,65,66.42,112.4,-40.0,2.24
149,Pochutla,40,MX,1575499189,70,15.74,-96.47,86.0,3.2
150,Portland,75,US,1575499190,74,43.66,-70.25,30.99,13.56
151,Sao Francisco,75,BR,1575499191,88,-25.65,-53.85,78.8,4.7
152,Katsuura,75,JP,1575499192,70,33.93,134.5,48.0,10.29
153,Faanui,68,PF,1575499193,72,-16.48,-151.75,82.96,9.53
154,Igrim,100,RU,1575499194,94,63.19,64.42,14.68,7.43
155,Rome,100,IT,1575499135,43,41.89,12.48,51.8,3.36
156,Maniitsoq,92,GL,1575499196,76,65.42,-52.9,15.96,18.34
157,Provideniya,75,RU,1575499197,67,64.42,-173.23,17.6,22.37
158,Waipawa,15,NZ,1575499198,53,-39.94,176.59,73.99,11.99
159,Springfield,90,US,1575499187,94,42.1,-72.59,35.6,3.36
160,Marsh Harbour,19,BS,1575499201,61,26.54,-77.06,69.03,13.4
161,Bang Saphan,25,TH,1575499202,72,11.21,99.51,75.18,20.58
162,Paita,19,PE,1575499203,100,-5.09,-81.11,62.6,11.41
163,Marshall,1,US,1575499078,46,39.12,-93.2,59.0,5.82
164,Luderitz,0,NA,1575499205,62,-26.65,15.16,87.8,9.17
165,Brae,89,GB,1575499206,87,60.4,-1.35,44.6,32.21
166,Pevek,0,RU,1575499207,86,69.7,170.27,-2.76,1.41
167,Naze,40,NG,1575499208,88,5.43,7.07,77.0,4.05
168,Carmelo,75,UY,1575499209,49,-34.0,-58.28,71.6,12.75
169,Caravelas,100,BR,1575499210,98,-17.73,-39.27,72.41,3.58
170,Qaanaaq,35,GL,1575499211,73,77.48,-69.36,-5.06,4.68
171,Birin,0,NP,1575499212,73,26.89,88.07,45.03,4.56
172,Fairbanks,90,US,1575499129,76,64.84,-147.72,-4.0,2.04
173,Seoul,1,KR,1575499162,35,37.57,126.98,26.6,3.36
174,Tumut,0,AU,1575499215,34,-35.3,148.22,67.15,9.75
175,Callaguip,75,PH,1575499216,94,18.07,120.49,73.4,13.87
176,Batagay-Alyta,100,RU,1575499218,98,67.8,130.41,-27.85,2.64
177,Ust-Nera,71,RU,1575499219,100,64.57,143.24,-36.54,1.61
178,Sulangan,100,PH,1575499220,80,11.14,123.72,81.64,3.74
179,Bethel,1,US,1575499115,77,60.79,-161.76,-0.4,5.82
180,Turayf,0,SA,1575499222,93,31.68,38.65,42.8,4.7
181,Kaitangata,69,NZ,1575499223,41,-46.28,169.85,64.0,8.99
182,Cua,20,VE,1575499224,100,10.16,-66.89,75.2,3.36
183,Buala,71,SB,1575499225,74,-8.15,159.59,84.0,6.22
184,Victoria,75,BN,1575499226,94,5.28,115.24,77.0,9.98
185,Husavik,70,CA,1575499227,95,50.56,-96.99,24.51,3.4
186,Ludza,100,LV,1575499228,96,56.55,27.72,38.28,13.58
187,Sydney,0,AU,1575499114,26,-33.85,151.22,78.8,14.99
188,Pangnirtung,40,CA,1575499230,70,66.15,-65.72,-2.2,3.36
189,Pisco,1,PE,1575499231,30,-13.71,-76.2,71.6,16.11
190,Severnoye,58,RU,1575499232,97,54.09,52.54,12.04,6.53
191,Bambous Virieux,20,MU,1575499033,88,-20.34,57.76,75.2,5.82
192,Oussouye,48,SN,1575499234,73,12.49,-16.54,77.0,6.93
193,Tabas,1,IR,1575499235,56,33.6,56.92,50.23,1.92
194,Coquimbo,0,CL,1575499236,72,-29.95,-71.34,60.8,12.75
195,Ambon,90,FR,1575499238,100,47.55,-2.56,35.01,6.93
196,Victor Harbor,40,AU,1575499239,72,-35.55,138.62,68.0,9.17
197,Ryotsu,75,JP,1575499240,86,38.08,138.43,42.8,3.36
198,Aklavik,75,CA,1575499063,76,68.22,-135.01,-11.2,5.82
199,Talnakh,75,RU,1575499242,84,69.49,88.39,1.4,15.66
200,Quatre Cocos,20,MU,1575499243,88,-20.21,57.76,75.2,5.82
201,Grindavik,75,IS,1575499244,69,63.84,-22.43,33.8,32.21
202,Vung Tau,99,VN,1575499245,81,10.35,107.08,70.77,7.81
203,Kahului,40,US,1575499208,61,20.89,-156.47,80.6,18.34
204,Saskylakh,10,RU,1575499247,99,71.97,114.09,-39.41,3.27
205,Rockport,1,US,1575499248,73,28.02,-97.05,75.0,8.05
206,Nikolskoye,75,RU,1575499249,86,59.7,30.79,39.99,13.42
207,Berlevag,75,NO,1575499250,100,70.86,29.09,30.2,19.46
208,Canoinhas,99,BR,1575499252,98,-26.18,-50.4,66.56,4.81
209,Altamira,35,BR,1575499253,79,-3.2,-52.21,78.46,3.2
210,Terrak,99,NO,1575499254,87,65.09,12.37,43.0,26.4
211,Banda Aceh,76,ID,1575499255,87,5.56,95.32,73.56,4.83
212,Billings,40,US,1575499026,42,45.79,-108.5,46.4,14.99
213,Porto Novo,75,BR,1575499196,83,-23.68,-45.44,73.4,11.41
214,Beloha,72,MG,1575499258,83,-25.17,45.06,70.92,7.92
215,Riyadh,0,SA,1575499241,58,24.63,46.72,57.2,3.36
216,Srednekolymsk,100,RU,1575499260,97,67.46,153.71,-12.26,10.54
217,Tuatapere,98,NZ,1575499261,70,-46.13,167.69,57.0,10.0
218,Cururupu,60,BR,1575499262,86,-1.82,-44.87,75.51,3.44
219,Kavieng,50,PG,1575499263,68,-2.57,150.8,83.43,3.89
220,Knysna,0,ZA,1575499265,71,-34.04,23.05,57.2,11.41
221,Teya,20,MX,1575499266,54,21.05,-89.07,82.4,6.93
222,Atambua,89,ID,1575499267,66,-9.11,124.89,83.17,2.33
223,Itoman,75,JP,1575499268,72,26.12,127.67,62.6,8.05
224,Mnogovershinnyy,70,RU,1575499269,97,53.94,139.92,-8.5,10.07
225,Anda,1,CN,1575499270,77,46.41,125.33,-8.16,8.66
226,Goba,82,ET,1575499271,84,7.01,39.97,45.81,3.62
227,Codrington,0,AU,1575499272,50,-28.95,153.24,84.2,4.7
228,Chateauneuf-les-Martigues,100,FR,1575499273,43,43.38,5.17,55.99,4.7
229,Belaya Gora,100,RU,1575499274,98,68.54,146.19,-21.87,4.07
230,Sur,54,OM,1575499275,67,22.57,59.53,70.29,8.77
231,Almeirim,38,BR,1575499276,65,-1.53,-52.58,82.33,5.28
232,Alekseyevsk,100,RU,1575499277,93,57.84,108.35,6.17,12.84
233,Cabo San Lucas,20,MX,1575499278,78,22.89,-109.91,78.8,4.7
234,Sinnamary,48,GF,1575499279,80,5.38,-52.96,80.94,17.87
235,Siloam Springs,1,US,1575499280,41,36.19,-94.54,59.0,4.7
236,Chandpur,45,BD,1575499281,70,23.22,90.65,65.21,3.98
237,Sitka,87,US,1575499283,54,37.17,-99.65,53.64,11.52
238,Shintomi,75,JP,1575499284,75,32.08,131.47,42.8,8.05
239,Mwinilunga,99,ZM,1575499285,97,-11.73,24.43,60.89,2.15
240,Verkhnyaya Inta,98,RU,1575499286,81,65.99,60.32,8.51,3.8
241,Rocha,83,UY,1575499286,85,-34.48,-54.34,57.85,2.04
242,Scottsbluff,1,US,1575499288,70,41.87,-103.67,50.0,6.93
243,Portree,84,GB,1575499289,72,57.41,-6.19,46.99,25.99
244,Lerwick,75,GB,1575499290,81,60.15,-1.15,44.6,38.03
245,Richards Bay,100,ZA,1575499291,66,-28.77,32.06,69.13,16.2
246,Ambunti,37,PG,1575499292,89,-4.22,142.82,82.96,2.66
247,Srikakulam,39,IN,1575499293,86,18.29,83.89,64.98,5.19
248,Lohne,0,DE,1575499294,99,52.78,11.48,34.0,1.01
249,San Quintin,98,PH,1575499223,90,17.54,120.52,74.64,5.03
250,Praia,100,BR,1575499297,96,-20.25,-43.81,64.26,3.24
251,Florianopolis,75,BR,1575499298,83,-27.6,-48.55,73.4,9.17
252,Henties Bay,94,NA,1575499299,82,-22.12,14.28,64.99,1.99
253,Lagoa,39,PT,1575499032,81,37.14,-8.45,48.99,4.7
254,Dwarka,20,IN,1575499301,81,28.58,77.04,69.01,0.98
255,Hammerfest,75,NO,1575499302,80,70.66,23.68,42.8,34.45
256,Eyl,100,SO,1575499303,66,7.98,49.82,79.97,15.86
257,Shingu,24,JP,1575499305,60,33.72,135.99,51.35,16.2
258,Ambilobe,76,MG,1575499306,81,-13.19,49.05,75.34,6.38
259,Coahuayana,0,MX,1575499307,58,18.62,-100.35,77.65,0.56
260,Mtambile,59,TZ,1575499308,77,-5.38,39.7,82.42,6.29
261,San Patricio,85,PY,1575499309,62,-26.98,-56.83,75.02,9.4
262,Vigia del Fuerte,100,CO,1575499310,96,6.58,-76.89,74.55,3.13
263,Waingapu,90,ID,1575499311,74,-9.65,120.26,84.96,9.22
264,Arkhara,78,RU,1575499312,95,49.42,130.09,-14.46,9.64
265,Fortuna,90,US,1575499313,81,40.6,-124.16,55.99,2.06
266,Steamboat Springs,90,US,1575499314,92,40.48,-106.83,41.0,4.7
267,Baoning,20,CN,1575499315,93,25.34,110.03,37.4,4.47
268,Salekhard,100,RU,1575499316,97,66.54,66.62,3.16,2.1
269,Hualmay,17,PE,1575499268,82,-11.1,-77.61,65.28,4.56
270,Deputatskiy,99,RU,1575499318,100,69.3,139.9,-20.15,2.21
271,Ajdabiya,30,LY,1575499319,42,30.75,20.22,63.37,11.3
272,Sarangani,100,PH,1575499320,69,5.4,125.46,82.38,3.89
273,Cruzilia,65,BR,1575499279,95,-21.84,-44.81,66.81,5.84
274,Malanje,68,AO,1575499323,99,-9.54,16.35,63.66,4.14
275,Kriel,100,ZA,1575499324,98,-26.26,29.26,48.0,3.0
276,Vestmannaeyjar,100,IS,1575499325,58,63.44,-20.27,39.81,38.07
277,Upernavik,100,GL,1575499326,84,72.79,-56.15,12.06,15.1
278,Graciano Sanchez,5,MX,1575499327,30,23.92,-99.28,82.4,5.82
279,Dhamtari,27,IN,1575499328,80,20.71,81.55,56.71,1.95
280,Raudeberg,40,NO,1575499329,70,61.99,5.14,46.4,34.45
281,Miracema,85,BR,1575499330,95,-21.41,-42.2,67.82,3.51
282,Blue Springs,99,US,1575499227,37,39.02,-94.28,59.0,5.28
283,Borogontsy,62,RU,1575499332,96,62.67,131.17,-35.28,5.48
284,Changzhou,0,CN,1575499333,59,31.81,119.97,45.0,2.95
285,Surt,0,LY,1575499334,28,31.21,16.59,65.44,11.54
286,Monteagudo,90,BO,1575499336,83,-19.8,-63.96,75.2,4.7
287,Ponta do Sol,100,BR,1575499337,96,-20.63,-46.0,68.4,8.81
288,Esperance,90,AU,1575499338,93,-33.86,121.89,59.0,8.05
289,Ducheng,7,CN,1575499339,44,30.54,114.9,44.49,3.87
290,Omsukchan,100,RU,1575499340,97,62.53,155.8,-24.63,12.35
291,Myitkyina,0,MM,1575499341,79,25.38,97.4,54.28,3.74
292,Sept-Iles,40,CA,1575499342,63,50.2,-66.38,26.6,4.7
293,Alofi,40,NU,1575499343,69,-19.06,-169.92,82.4,8.05
294,Half Moon Bay,90,US,1575499344,82,37.46,-122.43,59.0,3.36
295,Laem Sing,96,TH,1575499345,60,12.48,102.07,71.01,17.27
296,Moindou,48,NC,1575499346,51,-21.69,165.68,86.0,10.29
297,Birjand,0,IR,1575499078,56,32.86,59.22,42.8,6.93
298,Pijijiapan,35,MX,1575499348,84,15.69,-93.21,74.44,1.1
299,Santa Cruz del Norte,20,CU,1575499349,57,23.15,-81.92,75.2,8.05
300,Corinto,75,CO,1575499350,61,3.17,-76.26,80.6,14.99
301,Brejo Santo,100,BR,1575499351,25,-7.49,-38.99,78.84,3.89
302,Indramayu,93,ID,1575499352,92,-4.05,103.78,74.59,1.92
303,Chapada dos Guimaraes,100,BR,1575499353,69,-15.46,-55.75,82.4,5.82
304,Vao,65,EE,1575499355,97,59.1,26.19,38.23,12.41
305,Mabaruma,4,GY,1575499356,98,8.2,-59.78,72.48,2.64
306,Geraldton,90,CA,1575499357,78,49.72,-86.95,14.0,8.05
307,Port Augusta,0,AU,1575499358,52,-32.49,137.76,69.8,8.79
308,Los Llanos de Aridane,75,ES,1575499359,68,28.66,-17.92,66.99,4.7
309,Kidal,25,ML,1575499360,18,18.44,1.41,63.43,1.54
310,Kilindoni,99,TZ,1575499362,71,-7.91,39.67,83.41,4.94
311,Oksfjord,75,NO,1575499363,80,70.24,22.35,42.8,34.45
312,Viransehir,90,TR,1575499364,44,37.24,39.76,48.0,3.89
313,Kiunga,27,PG,1575499365,80,-6.12,141.3,84.09,1.05
314,Danville,90,US,1575499366,82,37.82,-122.0,59.0,3.36
315,Kem,32,UG,1575499367,88,2.68,33.77,67.14,2.53
316,Shimanovsk,0,RU,1575499368,85,52.0,127.67,-14.24,8.72
317,Misratah,54,LY,1575499369,64,32.38,15.09,70.77,19.66
318,Wanaka,100,NZ,1575499371,98,-44.7,169.14,37.4,8.88
319,Korcula,0,HR,1575499372,80,42.96,17.14,30.2,2.24
320,Tuapse,0,RU,1575499373,65,44.1,39.07,39.6,12.62
321,Scarborough,66,GB,1575499374,87,54.28,-0.41,44.01,11.41
322,Vilyuysk,100,RU,1575499375,99,63.75,121.63,-17.32,2.33
323,Beringovskiy,100,RU,1575499376,85,63.05,179.32,25.29,34.94
324,Denpasar,20,ID,1575499133,94,-8.65,115.22,78.8,2.24
325,Syamzha,100,RU,1575499378,97,60.02,41.06,24.33,3.06
326,Dingle,65,PH,1575499379,86,11.0,122.67,78.98,4.43
327,Sinjai,85,ID,1575499172,73,-5.12,120.25,83.77,2.77
328,Bandarbeyla,100,SO,1575499381,79,9.49,50.81,80.01,28.07
329,Dinhata,0,IN,1575499382,71,26.13,89.46,60.03,7.65
330,Karlshamn,82,SE,1575499383,93,56.17,14.86,42.8,8.05
331,Norman Wells,75,CA,1575499384,74,65.28,-126.83,-22.0,4.7
332,Katangli,100,RU,1575499385,83,51.71,143.23,4.33,13.6
333,Napa,90,US,1575499386,100,38.3,-122.29,55.99,4.7
334,Kotar,90,SI,1575499387,92,46.06,14.35,39.99,1.12
335,Charlestown,75,US,1575499273,64,41.38,-71.64,39.99,6.62
336,Nago,0,IT,1575499390,63,45.88,10.89,37.99,4.7
337,Lebu,86,ET,1575499391,94,8.96,38.73,50.67,1.72
338,Lander,1,US,1575499392,63,42.83,-108.73,30.0,1.52
339,Mariinskiy Posad,90,RU,1575499393,92,56.12,47.72,24.8,13.42
340,Mountain Home,40,US,1575499175,100,43.13,-115.69,44.6,3.36
341,Carmen de Apicala,40,CO,1575499395,74,4.15,-74.72,80.6,3.36
342,Saldanha,88,PT,1575499396,80,41.42,-6.55,39.15,4.61
343,Marawi,98,PH,1575499397,83,8.0,124.29,73.09,0.72
344,Fukue,40,JP,1575499398,61,35.03,136.69,50.0,27.51
345,Constitucion,5,MX,1575499399,7,23.99,-104.67,78.8,2.24
346,Yumen,0,CN,1575499400,56,40.29,97.04,16.79,2.26
347,Coruripe,59,BR,1575499401,82,-10.12,-36.18,78.8,11.54
348,Inhambane,90,MZ,1575499402,77,-23.87,35.38,72.79,18.97
349,Nara,20,JP,1575499232,86,34.68,135.8,48.2,3.36
350,Vila,100,IT,1575499404,83,45.18,8.4,39.99,2.24
351,Along,0,IN,1575499405,43,28.17,94.8,44.17,5.79
352,Winnipeg,90,CA,1575499407,80,49.88,-97.17,30.2,3.38
353,Zatoka,0,PL,1575499408,86,50.04,20.52,30.0,1.12
354,Naryan-Mar,92,RU,1575499409,96,67.67,53.09,9.93,5.99
355,Santa Isabel,90,MX,1575499410,87,32.63,-115.58,55.4,6.93
356,Uzhur,5,RU,1575499411,93,55.32,89.85,9.82,5.21
357,Sao Filipe,94,CV,1575499412,83,14.9,-24.5,69.67,20.04
358,Minot,1,US,1575499413,60,48.23,-101.3,39.2,5.82
359,Rondonopolis,71,BR,1575499414,65,-16.46,-54.64,79.38,3.15
360,Monchegorsk,100,RU,1575499415,94,67.94,32.93,26.29,15.9
361,Sacile,0,IT,1575499416,71,45.95,12.5,37.99,1.12
362,Abha,13,SA,1575499417,87,18.22,42.5,59.0,4.7
363,Puerto Carreno,40,CO,1575499418,55,6.19,-67.49,89.6,4.7
364,Port Hardy,20,CA,1575499419,75,50.7,-127.42,42.8,2.24
365,Marsa Matruh,70,EG,1575499420,56,31.35,27.25,68.07,3.56
366,Alice Springs,0,AU,1575499421,12,-23.7,133.88,75.2,10.65
367,Mahibadhoo,100,MV,1575499422,79,3.78,72.97,80.26,13.56
368,Cuenca,66,EC,1575499424,94,-2.9,-79.0,51.8,6.76
369,Nome,1,US,1575499425,40,30.04,-94.42,71.6,3.36
370,Joliette,90,CA,1575499426,98,46.02,-73.44,32.0,2.24
371,Anadyr,75,RU,1575499427,78,64.73,177.51,15.8,31.32
372,Soe,90,EE,1575499428,93,57.91,26.05,41.0,13.87
373,Forbes,0,AU,1575499429,19,-33.38,148.01,82.27,14.36
374,Seka,99,ET,1575499430,92,7.6,36.72,59.88,0.18
375,Port Keats,33,AU,1575499431,54,-14.25,129.55,89.73,6.69
376,Maamba,82,ZM,1575499432,68,-17.36,27.22,74.17,3.6
377,Fortuna Foothills,90,US,1575499433,63,32.66,-114.41,62.6,18.34
378,Apsheronsk,0,RU,1575499434,93,44.46,39.74,21.52,2.24
379,Surskoye,100,RU,1575499435,94,54.48,46.71,24.73,15.75
380,Pacific Grove,90,US,1575499436,93,36.62,-121.92,60.01,3.36
381,Klaksvik,100,FO,1575499437,86,62.23,-6.59,37.4,25.28
382,Santiago de Cuba,40,CU,1575499438,61,20.03,-75.83,82.4,3.36
383,Biloxi,1,US,1575499143,59,30.4,-88.89,68.0,5.82
384,Amot,100,NO,1575499441,98,59.57,7.99,35.04,8.21
385,Hit,0,IQ,1575499442,51,33.64,42.83,54.81,7.16
386,Blackwater,90,GB,1575499443,100,51.33,-0.78,37.4,2.24
387,Santa Maria,75,BR,1575499463,94,-16.02,-48.01,71.6,5.82
388,Peniche,34,PT,1575499427,87,39.36,-9.38,52.0,6.93
389,Vikhorevka,75,RU,1575499466,85,56.12,101.17,15.8,8.95
390,Bathsheba,40,BB,1575499442,74,13.22,-59.52,82.4,20.8
391,Grand Gaube,20,MU,1575499468,88,-20.01,57.66,75.2,5.82
392,Eydhafushi,100,MV,1575499469,82,5.1,73.07,79.92,16.87
393,Vanavara,92,RU,1575499470,94,60.35,102.28,-1.97,7.67
394,Yenagoa,80,NG,1575499471,90,4.92,6.26,77.72,2.1
395,Taltal,0,CL,1575499472,88,-25.41,-70.49,57.31,3.51
396,Iesolo,0,IT,1575499473,80,45.53,12.64,37.0,4.7
397,Tutin,3,RS,1575499474,92,42.99,20.34,24.4,3.87
398,Byron Bay,0,AU,1575499475,26,-28.65,153.62,84.2,10.29
399,Belousovka,40,KZ,1575499476,92,50.13,82.52,5.0,2.35
400,Ust-Kuyga,88,RU,1575499477,100,70.0,135.55,-38.78,0.85
401,Sisimiut,84,GL,1575499478,72,66.94,-53.67,7.12,14.41
402,Payakumbuh,88,ID,1575499479,98,-0.23,100.63,67.03,3.06
403,Almenara,66,BR,1575499481,98,-16.17,-40.69,69.62,1.03
404,Zhigansk,100,RU,1575499482,95,66.77,123.37,-29.29,3.94
405,Sorland,75,NO,1575499483,93,67.67,12.69,42.8,20.8
406,Mogadishu,40,SO,1575499484,80,2.04,45.34,80.67,8.28
407,Gogaran,90,AM,1575499485,84,40.89,44.2,32.0,4.7
408,Kairana,95,IN,1575499486,47,29.39,77.21,55.09,2.51
409,La Libertad,24,PE,1575499487,48,-16.38,-71.56,62.6,10.29
410,Igarka,100,RU,1575499488,96,67.47,86.57,2.32,9.84
411,South Yuba City,90,US,1575499489,93,39.12,-121.64,55.99,4.18
412,Bonthe,1,SL,1575499490,82,7.53,-12.5,79.66,6.82
413,Guerrero Negro,71,MX,1575499491,44,27.97,-114.04,72.0,6.13
414,Mount Isa,10,AU,1575499492,10,-20.73,139.49,86.0,11.41
415,Agadez,1,NE,1575499493,18,16.97,7.99,68.0,8.05
416,Havoysund,75,NO,1575499494,93,71.0,24.66,41.0,16.11
417,Maryborough,1,AU,1575499427,12,-25.54,152.7,95.83,4.18
418,Praya,40,ID,1575499497,83,-8.71,116.27,78.8,3.36
419,Westport,90,US,1575499498,69,41.14,-73.36,39.99,8.05
420,Catia La Mar,20,VE,1575499499,100,10.6,-67.03,75.2,3.36
421,Selikhino,100,RU,1575499500,94,50.37,137.51,-3.28,12.17
422,Perth,0,AU,1575499501,35,-31.95,115.86,78.01,5.82
423,Ust-Ishim,100,RU,1575499502,95,57.69,71.17,21.81,5.21
424,Ridgecrest,75,US,1575499444,87,35.62,-117.67,50.0,3.42
425,Kuytun,98,RU,1575499504,97,54.34,101.51,9.72,4.18
426,Dese,0,IT,1575499505,80,45.53,12.3,37.0,4.7
427,Broken Hill,0,AU,1575499506,13,-31.97,141.45,75.2,9.17
428,Doha,0,QA,1575499458,42,25.29,51.53,68.0,4.7
429,Neiafu,75,TO,1575499399,74,-18.65,-173.98,82.4,10.29
430,Manaure,20,CO,1575499510,79,11.78,-72.45,86.0,13.87
431,Lithgow,2,AU,1575499511,29,-33.48,150.16,77.0,6.93
432,Luganville,40,VU,1575499512,66,-15.51,167.18,86.0,5.82
433,Mayo,40,CA,1575499513,76,63.59,-135.9,-4.0,3.36
434,Mehamn,75,NO,1575499514,100,71.03,27.85,37.4,19.46
435,Dudinka,75,RU,1575499431,84,69.41,86.18,1.4,15.66
436,Hami,3,CN,1575499516,56,42.84,93.51,18.59,1.57
437,Olga,75,US,1575499517,77,34.11,-118.17,63.0,4.7
438,Huaicheng,0,CN,1575499519,47,23.91,112.19,47.73,2.01
439,Vichuga,99,RU,1575499520,96,57.22,41.92,27.63,7.63
440,Dafeng,0,CN,1575499521,52,33.2,120.46,41.05,3.15
441,Kysyl-Syr,100,RU,1575499522,99,63.9,122.77,-23.55,4.81
442,Upington,89,ZA,1575499523,21,-28.46,21.24,77.0,6.93
443,Cockburn Town,3,TC,1575499446,75,21.46,-71.14,80.04,9.13
444,Santa Fe,58,AR,1575499525,79,-31.62,-60.7,64.72,5.53
445,Altamont,75,CA,1575499526,91,49.4,-98.5,32.0,3.36
446,Rio Grande,40,BR,1575499386,69,-32.03,-52.1,77.0,10.29
447,Nishihara,20,JP,1575499452,49,35.74,139.53,48.2,10.29
448,Saint-Jean-de-Luz,90,FR,1575499529,87,43.39,-1.66,48.2,3.36
449,Melchor de Mencos,20,GT,1575499530,55,17.06,-89.15,87.8,4.7
450,Sultanpur,10,IN,1575499531,48,26.26,82.07,56.95,1.25
451,Ardesen,75,TR,1575499532,87,41.19,40.99,42.8,11.41
452,Padang,47,ID,1575499467,91,-0.92,100.36,68.72,4.9
453,Cabedelo,85,BR,1575499535,78,-6.97,-34.84,78.8,6.93
454,Singarayakonda,56,IN,1575499536,76,15.25,80.02,75.52,8.9
455,La Orilla,0,MX,1575499537,82,18.0,-102.23,78.12,2.26
456,Monte San Pietro,89,IT,1575499538,93,44.44,11.14,45.0,2.24
457,Saint-Francois,25,FR,1575499539,92,46.42,3.91,28.4,2.24
458,Te Anau,100,NZ,1575499540,84,-45.41,167.72,45.84,8.68
459,Danshui,100,CN,1575499541,29,22.81,114.46,63.0,13.42
460,Utinga,20,BR,1575499542,74,-5.82,-35.4,80.6,9.17
461,Tabou,99,CI,1575499543,92,4.42,-7.36,77.41,3.04
462,Kosh-Agach,68,RU,1575499544,41,49.99,88.66,1.2,1.7
463,Ukiah,90,US,1575499545,76,39.15,-123.21,57.99,2.71
464,Gao,0,ML,1575499546,14,16.28,-0.04,73.65,8.95
465,Zheleznodorozhnyy,75,RU,1575499278,95,55.75,38.0,32.0,8.95
466,Krasnogorsk,90,RU,1575499548,93,55.82,37.34,32.0,13.42
467,Canto do Buriti,71,BR,1575499549,71,-8.11,-42.94,76.82,4.56
468,Svay Rieng,100,KH,1575499550,75,11.08,105.8,67.89,5.95
469,Belyy Yar,42,RU,1575499472,84,53.6,91.39,6.8,1.77
470,Dunedin,44,NZ,1575499552,66,-45.87,170.5,54.84,10.58
471,Hamilton,90,CA,1575499533,86,43.26,-79.87,37.4,12.75
472,Ilam,58,IR,1575499278,100,33.64,46.42,41.0,2.24
473,Viedma,10,AR,1575499556,68,-40.81,-62.99,54.18,6.55
474,Palembang,99,ID,1575499557,92,-2.99,104.76,75.67,2.75
475,Bubaque,9,GW,1575499558,62,11.28,-15.83,84.33,14.58
476,Linqiong,81,CN,1575499559,93,30.42,103.46,50.0,2.24
477,Mahon,40,IE,1575499512,93,51.89,-8.4,42.01,8.05
478,Araouane,32,ML,1575499561,32,18.9,-3.53,67.41,6.13
479,Emerald,0,AU,1575499562,45,-23.53,148.16,84.2,9.17
480,Mae Sai,46,MM,1575499563,100,20.44,99.89,57.2,2.35
481,Goderich,100,CA,1575499565,84,43.74,-81.71,37.99,14.85
482,Roebourne,4,AU,1575499566,17,-20.77,117.15,93.83,0.25
483,Sarakhs,36,TM,1575499567,81,36.54,61.16,44.6,2.24
484,Yatou,75,CM,1575499568,88,3.63,9.81,82.4,3.27
485,Wainwright,100,CA,1575499569,96,52.84,-110.86,21.58,3.02
486,Chany,99,RU,1575499570,94,55.31,76.76,30.18,13.06
487,Kenai,90,US,1575499421,78,60.55,-151.26,19.99,6.26
488,San Juan,27,AR,1575499573,23,-31.54,-68.53,70.65,8.41
489,Bud,91,NO,1575499574,86,62.91,6.91,44.6,11.41
490,Treinta y Tres,100,UY,1575499575,75,-33.23,-54.39,63.61,8.99
491,Lorengau,30,PG,1575499576,69,-2.02,147.27,83.52,3.8
492,Belle Fourche,1,US,1575499577,48,44.67,-103.85,44.6,4.7
493,Chertkovo,99,RU,1575499578,88,49.38,40.15,25.38,16.67
494,Polunochnoye,100,RU,1575499579,97,60.87,60.43,11.07,2.84
495,Nhulunbuy,51,AU,1575499580,83,-12.18,136.78,80.6,6.93
496,Horsham,98,AU,1575499581,61,-36.71,142.2,62.1,10.96
497,Tierralta,34,CO,1575499582,96,8.17,-76.06,73.42,2.82
498,La Rioja,56,AR,1575499583,49,-29.41,-66.86,60.73,4.79
499,Sandnessjoen,75,NO,1575499584,87,66.02,12.63,42.8,33.33
500,Mecca,0,SA,1575499585,62,21.43,39.83,73.49,0.74
501,Kastamonu,97,TR,1575499586,96,41.38,33.78,30.88,2.37
502,Valley City,1,US,1575499379,80,46.92,-98.0,33.8,8.05
503,Lapua,72,FI,1575499589,93,62.97,23.01,39.0,10.29
504,Otane,15,NZ,1575499590,55,-39.89,176.62,73.0,11.01
505,Koufalia,75,GR,1575499593,93,40.78,22.58,46.0,1.12
506,Gamba,4,CN,1575499594,16,28.28,88.52,12.94,0.49
507,Moerai,33,PF,1575499595,86,-22.43,-151.33,75.49,14.23
508,Meulaboh,88,ID,1575499596,79,4.14,96.13,80.56,7.72
509,Miles City,1,US,1575499597,37,46.41,-105.84,51.8,14.99
510,Sumbe,86,AO,1575499598,90,-11.2,13.84,73.56,3.15
511,Oktyabrskiy,75,RU,1575499599,95,55.61,37.97,32.0,8.95
512,Sao Miguel do Araguaia,100,BR,1575499600,93,-13.28,-50.16,75.72,2.95
513,Columbia,1,US,1575499388,53,34.0,-81.03,60.8,4.7
514,Aljezur,5,PT,1575499602,91,37.31,-8.8,48.0,16.75
515,Dapaong,37,TG,1575499604,13,10.86,0.2,77.92,9.91
516,Lyubim,99,RU,1575499605,98,58.36,40.69,30.49,2.86
517,Bouca,45,CF,1575499606,36,6.51,18.28,72.73,2.75
518,Bandeirantes,67,BR,1575499607,76,-23.11,-50.37,76.68,1.95
519,Sungaipenuh,99,ID,1575499608,97,-2.08,101.38,63.86,2.37
520,Princeton,90,US,1575499374,86,40.35,-74.66,41.0,4.7
521,Kailua,75,US,1575499610,69,21.39,-157.74,82.99,9.17
522,Tezu,0,IN,1575499611,38,27.93,96.16,53.24,3.0
523,Hirara,75,JP,1575499612,77,24.8,125.28,66.2,14.99
524,Alyangula,25,AU,1575499613,78,-13.85,136.42,78.8,7.02
525,Sambava,95,MG,1575499614,97,-14.27,50.17,69.35,3.04
526,Xiuyan,0,CN,1575499615,32,40.29,123.27,4.15,13.8
527,Evanston,1,US,1575499616,45,42.04,-87.69,44.6,9.17
528,Rodrigues Alves,75,BR,1575499617,83,-7.74,-72.65,82.4,3.36
529,Paamiut,9,GL,1575499437,39,61.99,-49.67,16.16,10.22
530,Sozopol,20,BG,1575499619,64,42.42,27.69,34.0,6.93
531,Caxito,40,BR,1575499621,83,-22.65,-42.51,73.4,14.99
532,Sabratah,0,LY,1575499622,66,32.79,12.49,68.29,4.56
533,Inuvik,40,CA,1575499623,75,68.36,-133.71,-11.2,2.24
534,Talawakele,100,LK,1575499624,93,6.94,80.66,66.74,2.68
535,Salmas,90,IR,1575499625,86,38.2,44.77,37.4,4.7
536,Mbaiki,51,CF,1575499626,62,3.87,17.99,73.09,2.1
537,Voyvozh,100,RU,1575499627,95,62.89,54.96,13.46,4.72
538,Natal,20,BR,1575499628,74,-5.81,-35.21,80.6,9.17
539,Shimoda,20,JP,1575499629,75,34.7,138.93,41.0,21.92
540,Elk City,90,US,1575499630,41,35.41,-99.4,60.8,14.99
541,Kamenka,0,MD,1575499631,85,48.03,28.7,27.0,5.23
542,Ancud,90,CL,1575499632,63,-41.87,-73.83,60.8,10.29
543,Samarai,65,PG,1575499474,74,-10.62,150.67,83.01,6.82
544,Alta Floresta,83,BR,1575499634,72,-9.87,-56.08,77.72,3.2
545,Saint-Joseph,82,FR,1575499636,81,43.56,6.97,55.0,6.93
